ASSERTION_TYPES	value	assert/assertion-parser.ts
AdapterCapabilities	type	adapter.ts
AdapterStreamOptions	type	adapter.ts
AdmittedDestructiveOutcomeClaim	type	transition/destructive-authority.ts
ApplicableEvaluation	type	transition/contracts.ts
ApplyPolicy	type	transition/policy.ts
AssertionBlock	type	assert/assertion-parser.ts
CapabilityDescriptor	type	transition/contracts.ts
CaseExpressionIntent	type	intent/expression-intent.ts
ColumnJsReadType	type	model-ir.ts
CompareOutcome	type	transition/contracts.ts
CompileOnlyAdapter	type	adapter.ts
ConnectionAvailability	type	adapter.ts
DUCKDB_CAPABILITIES	value	dialects/index.ts
DeleteIntent	type	intent/mutation-intent.ts
DumpMeta	type	adapter.ts
DurableIntentRecord	type	transition/plan.ts
ExclusiveTransitionTarget	type	transition/contracts.ts
ExecutionCoordinator	type	transition/registry.ts
FingerprintManifest	type	transition/fingerprint.ts
ForeignKeyIR	type	model-ir.ts
InProcessProvenPlan	type	transition/index.ts
LiteralExpressionIntent	type	intent/expression-intent.ts
LogicalIdentity	type	model-ir.ts
MSSQL_CAPABILITIES	value	dialects/index.ts
MYSQL_CAPABILITIES	value	dialects/index.ts
ManagedOutcomeExecutionRequest	type	transition/registry.ts
ManagedOutcomePreflightRequest	type	transition/registry.ts
NonRollbackableExecutionTracker	type	transition/registry.ts
ObservationContext	type	transition/observation.ts
ObservationIssuer	type	transition/contracts.ts
ObservationRequest	type	transition/observation.ts
OnDeleteAction	type	model-ir.ts
OperationEffectAssessment	type	transition/contracts.ts
OrderByRecord	type	dx/types.ts
PackRegistry	value	transition/registry.ts
PartitionIR	type	model-ir.ts
PhysicalOperation	type	transition/operation.ts
ProvenPlanShape	type	transition/plan.ts
RecognitionResult	type	transition/contracts.ts
RecursivePlanReport	type	planner.ts
RefDefinition	type	dx/schema.ts
RegisteredOperationSemantics	type	transition/registry.ts
RelationIR	type	model-ir.ts
RelationType	type	model-ir.ts
RequiredEnumLabelIR	type	model-ir.ts
ResourceAddress	type	transition/resource.ts
RuleEvaluation	type	transition/contracts.ts
SQLITE_CAPABILITIES	value	dialects/index.ts
SelectAllIntent	type	intent/select-intent.ts
StepJournal	type	transition/plan.ts
TRANSITION_LESSOR_REJECTION	value	transition/transition-lessor.ts
TableReaddressDeclaration	type	model-ir.ts
TransactionOptions	type	adapter.ts
TransactionalCompletionRecord	type	transition/plan.ts
TransitionExecutionClient	type	transition/registry.ts
TransitionLeaseFailure	type	transition/transition-lessor.ts
TransitionLessor	type	transition/contracts.ts
TransitionPack	type	transition/registry.ts
TransitionQueryClient	type	transition/contracts.ts
TransitionRule	type	transition/contracts.ts
TransitionRunMetadata	type	transition/plan.ts
TransitionRunPersister	type	transition/index.ts
TransitionSessionClient	type	transition/contracts.ts
UpdateIntent	type	intent/mutation-intent.ts
UpsertIntent	type	intent/mutation-intent.ts
ValidatedManagedStepManifest	type	transition/validation.ts
WhereAnyIntent	type	intent/where-intent.ts
WhereExistsIntent	type	intent/where-intent.ts
WhereNotExistsIntent	type	intent/where-intent.ts
WhereRelationFilterIntent	type	intent/where-intent.ts
WhereSubqueryIntent	type	intent/where-intent.ts
acquireExclusiveTransitionLease	value	transition/transition-lessor.ts
acquireTransitionLease	value	transition/transition-lessor.ts
acquireTransitionTargetLease	value	transition/transition-lessor.ts
advisoryObservationId	value	transition/ids.ts
assertCanonicalizableJson	value	transition/declaration.ts
assertContains	value	assert/assertion-functions.ts
assertDbColumnExists	value	assert/assertion-functions.ts
assertDbOutput	value	assert/assertion-functions.ts
assertDbRowsEquals	value	assert/assertion-functions.ts
assertDbRowsMax	value	assert/assertion-functions.ts
assertDbRowsMin	value	assert/assertion-functions.ts
assertDbValueEquals	value	assert/assertion-functions.ts
assertIntentHasGroupBy	value	assert/assertion-functions.ts
assertIntentHasOrderBy	value	assert/assertion-functions.ts
assertIntentHasWhere	value	assert/assertion-functions.ts
assertIntentTable	value	assert/assertion-functions.ts
assertIntentType	value	assert/assertion-functions.ts
assertIntentWith	value	assert/assertion-functions.ts
assertMatches	value	assert/assertion-functions.ts
assertParamsLength	value	assert/assertion-functions.ts
assertParamsValue	value	assert/assertion-functions.ts
assertSQLColumn	value	assert/assertion-functions.ts
assertSQLJoin	value	assert/assertion-functions.ts
assertSQLTable	value	assert/assertion-functions.ts
assertSuccess	value	assert/assertion-functions.ts
assumptionAccepted	value	transition/resource-scope.ts
assumptionId	value	transition/ids.ts
bindDeclarationSet	value	transition/declaration.ts
bindExecutionContract	value	transition/execution-contract.ts
canonicalJson	value	transition/canonical-json.ts
canonicalJsonDigest	value	transition/canonical-json.ts
checkDelta	value	transition/check-delta.ts
claimId	value	transition/ids.ts
classifyOutcomeRecovery	value	transition/outcome-protocol.ts
concludeEvidenceForObligation	value	transition/evidence-match.ts
countDistinctRelationPathsByName	value	dx/relation-paths.ts
createApplier	value	transition/applier.ts
createComparator	value	transition/comparator.ts
createEvidenceView	value	transition/evidence-access.ts
createExclusiveTransitionTarget	value	transition/transition-lessor.ts
createExecutionContract	value	transition/execution-contract.ts
createPackRegistry	value	transition/registry.ts
createProver	value	transition/prover.ts
createTransitionLessor	value	transition/transition-lessor.ts
createTransitionRunMetadata	value	transition/run-metadata.ts
declarationSetFromModel	value	transition/declaration.ts
defaultIndexName	value	transition/index-delta.ts
deriveRelationPathFromIntentPath	value	dx/relation-paths.ts
enumAddDelta	value	transition/enum-delta.ts
evidenceId	value	transition/ids.ts
indexDelta	value	transition/index-delta.ts
isExclusiveTransitionTarget	value	transition/transition-lessor.ts
isExpressionSpec	value	dx/types.ts
isOverallSuccess	value	assert/types.ts
isSubqueryRef	value	intent/type-guards.ts
isTransitionLessor	value	transition/transition-lessor.ts
isWhereIntent	value	dx/object-filter.ts
loadVerifiedRecoveryJournal	value	transition/resume.ts
normalizedIndex	value	transition/index-delta.ts
objectToWhereIntent	value	dx/object-filter.ts
observationContextDigest	value	transition/context-match.ts
outcomeClaimEventId	value	transition/outcome-protocol.ts
outcomeClaimId	value	transition/outcome-protocol.ts
planOperationSession	value	transition/transition-lessor.ts
projectLedgerChain	value	transition/lifecycle-interpreter.ts
rawNotExists	value	dx/filters.ts
requiresDatabase	value	assert/assertion-parser.ts
resolveEnumSchemaForComparison	value	transition/enum-delta.ts
resolveQueryIndex	value	assert/assertion-parser.ts
resourceScopeCovers	value	transition/resource-scope.ts
selectorMatchesResource	value	transition/resource-scope.ts
semanticArtifactId	value	transition/ids.ts
serverVersionNum	value	transition/registry.ts
stringAgg	value	dx/expressions.ts
supportsExecution	value	adapter.ts
supportsStreaming	value	adapter.ts
supportsTransactions	value	adapter.ts
transitionPlanDigest	value	transition/plan-digest.ts
validateDeclarationModel	value	transition/declaration.ts
validateNormalizedManagedStepManifest	value	transition/validation.ts
validateSchemaIndexOptions	value	dx/schema.ts
validateTransitionRelationalInvariants	value	transition/validation.ts
validateTypeName	value	dx/batch-values.ts
