AdapterRequiredError	value	adapter.ts
AdjacencyOptions	type	dx/recursive-query-builder.ts
AdjacencyTraversal	type	intent/recursive-intent.ts
AggregateFunction	type	intent/select-intent.ts
AggregateWindowFunction	type	intent/expression-intent.ts
AliasIncludedColumnsMode	type	adapter.ts
AliasedColumn	type	dx/table-ref.ts
AliasedExprColumn	type	dx/types.ts
AllColumns	type	dx/table-ref.ts
AmbiguityCheckResult	type	model-ir.ts
ApplicableAssessment	type	transition/assessment.ts
Applier	type	transition/index.ts
ArrayOperator	type	intent/operators.ts
AssertionType	type	assert/assertion-parser.ts
BRAND	value	dx/symbols.ts
BrandKey	type	dx/symbols.ts
COLUMN_META	value	dx/symbols.ts
CTEDefinition	type	planner.ts
CanonicalJsonError	value	transition/canonical-json.ts
CardinalityShorthand	type	dx/lightweight-model.ts
CheckDelta	type	transition/check-delta.ts
CoalesceExpressionIntent	type	intent/expression-intent.ts
ColumnAliasIntent	type	intent/expression-intent.ts
ColumnExpressionIntent	type	intent/expression-intent.ts
ColumnMetaKey	type	dx/symbols.ts
CommonColumnType	type	dialects.ts
Comparator	type	transition/contracts.ts
ComparisonExpressionIntent	type	intent/expression-intent.ts
ComparisonOperator	type	intent/operators.ts
CteDump	type	dx/cte-builder.ts
CustomTraversal	type	intent/recursive-intent.ts
DEFAULT_FEATURE_CHECKERS	value	dx/feature-checkers.ts
DecisionType	type	planner.ts
DefaultFilters	type	dx/schema.ts
DefineModelOptions	type	dx/lightweight-model.ts
DialectName	type	dialects.ts
DuckDBColumnType	type	dialects.ts
DumpMetaInput	type	dx/query-builder-types.ts
EdgeTableOptions	type	dx/recursive-query-builder.ts
EdgeTableTraversal	type	intent/recursive-intent.ts
EmitJoinClause	type	intent/recursive-intent.ts
EmitWarningOptions	type	dx/logger.ts
EnumAddDelta	type	transition/enum-delta.ts
ErrorHookContext	type	dx/hooks.ts
EstablishedProofClaim	type	transition/index.ts
ExprInput	type	dx/expressions.ts
FeatureChecker	type	dx/feature-checkers.ts
FeatureUsage	type	dx/feature-checkers.ts
FilterOperators	type	dx/object-filter.ts
FilterStrategy	type	model-ir.ts
FilterValue	type	dx/object-filter.ts
FullTextSearchOptions	type	dx/full-text-search.ts
GetSchemaFromDbOptions	type	dx/schema.ts
GuardExecutionResult	type	transition/registry.ts
HierarchyOptions	type	dx/types.ts
HookErrorHandler	type	dx/hooks.ts
HookPriority	type	dx/hook-utils.ts
HydrateOptions	type	dx/result-hydrator.ts
InapplicableAssessment	type	transition/assessment.ts
IncludeOptionsWithRecursive	type	dx/types.ts
IndexDelta	type	transition/index-delta.ts
IndexSetEntry	type	transition/index-delta.ts
InferColumn	type	dx/schema.ts
InferColumnNonNull	type	dx/schema.ts
InferColumnType	type	dx/schema.ts
InferColumnTypes	type	dx/table-ref.ts
InferDB	type	dx/schema.ts
InferRefColumn	type	dx/schema.ts
InferRow	type	dx/schema.ts
InferSchemaDB	type	dx/schema.ts
InferTables	type	dx/schema-tables-types.ts
InferredRangeValue	type	dx/schema.ts
Insertable	type	dx/mutation-builders.ts
IntentBuilder	value	dx/intent-builder.ts
IntentBuilderState	type	dx/intent-builder.ts
InvalidRelationDefinitionError	value	dx/lightweight-model.ts
IsTypeSupported	type	dialects.ts
JoinDefault	type	model-ir.ts
JoinOptions	type	dx/recursive-query-builder.ts
LEDGER_LIFECYCLE_GRAMMAR	value	transition/lifecycle-interpreter.ts
LEDGER_PROJECTION_CODE_VERSION	value	transition/lifecycle-interpreter.ts
LedgerChainProjectionInput	type	transition/lifecycle-interpreter.ts
LightweightRelationsDef	type	dx/lightweight-model.ts
ListHierarchyOptions	type	dx/types.ts
ListIndexOptions	type	dx/table-ddl-types.ts
LogicalIdentityCarrier	type	model-ir.ts
LogicalOperator	type	intent/operators.ts
MSSQLColumnType	type	dialects.ts
MutationOperation	type	dx/hooks.ts
MySQLColumnType	type	dialects.ts
NamingConventionMismatchError	value	dx/errors.ts
NegotiationResult	type	dx/negotiate-features.ts
NestedInclude	type	dx/types.ts
NewSchemaColumnType	type	dx/schema.ts
NqlRawFragment	type	dx/nql.ts
NullOperator	type	intent/operators.ts
NullsPosition	type	intent/select-intent.ts
ObserverErrorHandler	type	dx/hooks.ts
OffsetWindowFunction	type	intent/expression-intent.ts
OperationFingerprints	type	transition/registry.ts
OperationObservation	type	transition/registry.ts
OperationRuntime	type	transition/registry.ts
OperationSemantics	type	transition/contracts.ts
OrderByInput	type	dx/types.ts
OrderBySpec	type	dx/types.ts
OrmOptions	type	dx/orm-instance-types.ts
OrmOptionsWithAdapter	type	dx/orm-instance-types.ts
OrmOptionsWithModel	type	dx/orm-instance-types.ts
PREDICATE_REF_DISCRIMINATOR	value	dx/expressions.ts
ParsedRelationDef	type	dx/lightweight-model.ts
ParsedRelationKey	type	dx/lightweight-model.ts
PathOptions	type	dx/recursive-query-builder.ts
PlanWarningCode	type	planner.ts
PostgresColumnType	type	dialects.ts
PostgresOnlyColumnType	type	dialects.ts
PredicateOperator	type	intent/expression-intent.ts
PrioritizedHook	type	dx/hook-utils.ts
ProveOutcome	type	transition/index.ts
ProvenApplyGuard	type	transition/plan.ts
ProvenGuardProtocol	type	transition/plan.ts
Prover	type	transition/index.ts
PseudoColumnExpressionIntent	type	intent/expression-intent.ts
PseudoColumnMetadata	type	model-ir.ts
PseudoColumnTraversal	type	intent/expression-intent.ts
QueryResultType	type	dx/hooks.ts
RELATION_META	value	dx/symbols.ts
RangeOperator	type	intent/where-intent.ts
RankingWindowFunction	type	intent/expression-intent.ts
RawExpressionIntent	type	intent/expression-intent.ts
RecursiveAdvancedOptions	type	intent/recursive-intent.ts
RecursiveDedupe	type	intent/recursive-intent.ts
RecursiveDirection	type	intent/recursive-types.ts
RecursiveDump	type	dx/raw-cte-builder.ts
RecursiveEmitOptions	type	intent/recursive-intent.ts
RecursiveExistsOptions	type	intent/recursive-types.ts
RecursiveIncludeConfig	type	dx/intent-builder.ts
RecursiveMetadata	type	model-ir.ts
RecursiveNodeIdExpr	type	intent/recursive-intent.ts
RecursivePlanOptions	type	planner.ts
RecursiveShapeMismatchError	value	planner.ts
RecursiveTrackOptions	type	intent/recursive-intent.ts
RecursiveTraversal	type	intent/recursive-intent.ts
RelationColumnIntent	type	intent/expression-intent.ts
RelationKey	type	dx/lightweight-model.ts
RelationKind	type	model-ir.ts
RelationMetaKey	type	dx/symbols.ts
RelationObjectDef	type	dx/lightweight-model.ts
RelationOperator	type	intent/operators.ts
RelationPathIncludeNode	type	dx/relation-paths.ts
RelationPathUsage	type	dx/relation-paths.ts
RelationShorthand	type	dx/lightweight-model.ts
RelationTupleDef	type	dx/lightweight-model.ts
ResolvedIncludeStrategy	type	planner.ts
RulePrecedenceFact	type	transition/registry.ts
RuleSupport	type	transition/contracts.ts
SQL_RAW_MARKER	value	dx/filters.ts
SQLiteColumnType	type	dialects.ts
SchemaConstraints	type	dx/schema.ts
SchemaError	value	dx/schema.ts
SchemaExtras	type	dx/schema.ts
SchemaIndexValidationInput	type	dx/schema.ts
SchemaValidationError	value	dx/schema.ts
SelectField	type	dx/recursive-query-builder.ts
SerializedProvenPlan	type	transition/plan.ts
SimplifiedOrmOptions	type	dx/orm.ts
SortDirection	type	shared/utils.ts
StagedCompositionCandidate	type	transition/staging.ts
StagedCompositionPreflight	type	transition/staging.ts
StagedCompositionPreflightInput	type	transition/staging.ts
StagedTransitionInput	type	transition/staged-orchestrator.ts
StagedTransitionOrchestrator	type	transition/staged-orchestrator.ts
StringOperator	type	intent/operators.ts
SupportedColumnTypes	type	dialects.ts
TableAssertionData	type	assert/assertion-parser.ts
TableMetaKey	type	dx/symbols.ts
TableReaddressAddress	type	model-ir.ts
TransactionCoordinatorBinding	type	transition/registry.ts
TransitionCandidate	type	transition/contracts.ts
TransitionReadTarget	type	transition/transition-lessor.ts
TransitionRelationalValidationInput	type	transition/validation.ts
TransitionRelationalValidationResult	type	transition/validation.ts
TraversalDirection	type	dx/recursive-query-builder.ts
UnhandledTypeInDialect	value	dialects/index.ts
UnknownDialectError	value	dialects/index.ts
UnsupportedCapabilityError	value	adapter.ts
UnsupportedFeatureError	value	dx/negotiate-features.ts
UnsupportedStrategyError	value	planner.ts
Updateable	type	dx/mutation-builders.ts
UpsertConflictAction	type	intent/mutation-intent.ts
UpsertConflictTarget	type	intent/mutation-intent.ts
ValidatedManagedStepManifestResult	type	transition/validation.ts
WhereFilter	type	dx/object-filter.ts
WindowBuilder	value	dx/window-functions.ts
WindowFunction	type	intent/expression-intent.ts
WindowOrderBy	type	intent/expression-intent.ts
assertCapability	value	adapter.ts
assertConnectionAvailable	value	adapter.ts
assertTypeSupported	value	dialects/index.ts
capitalize	value	conventions.ts
chooseReadyCandidate	value	transition/staging.ts
composeAfterMutationHooks	value	dx/hook-utils.ts
composeAfterQueryHooks	value	dx/hook-utils.ts
composeBeforeMutationHooks	value	dx/hook-utils.ts
composeBeforeQueryHooks	value	dx/hook-utils.ts
composeOnErrorHooks	value	dx/hook-utils.ts
createDialectCapabilities	value	dialects/index.ts
createNqlTag	value	dx/nql.ts
createPseudoColumnMetadata	value	model-ir.ts
createRecursiveMetadata	value	model-ir.ts
decapitalize	value	conventions.ts
defaultLogger	value	dx/logger.ts
defineModel	value	dx/lightweight-model.ts
extendDialect	value	dialects/index.ts
findClosestMatch	value	dx/errors.ts
findUniqueLedgerTerminal	value	transition/outcome-protocol.ts
getAvailableDialects	value	dialects/index.ts
getDialectCapabilities	value	dialects/index.ts
getNodeIdAlias	value	intent/recursive-intent.ts
getRelationKind	value	model-ir.ts
inferForeignKey	value	dx/lightweight-model.ts
interpretLedgerLifecycle	value	transition/lifecycle-interpreter.ts
isAdjacencyTraversal	value	intent/type-guards.ts
isAggregateWindowFunction	value	intent/type-guards.ts
isAliasedColumn	value	dx/table-ref.ts
isAllColumns	value	dx/table-ref.ts
isCardinalityShorthand	value	dx/lightweight-model.ts
isCoalesceExpression	value	intent/type-guards.ts
isColumnAliasExpression	value	intent/type-guards.ts
isColumnRef	value	dx/table-ref.ts
isCustomTraversal	value	intent/type-guards.ts
isDistinctField	value	dx/filters.ts
isEdgeTableTraversal	value	intent/type-guards.ts
isKnownDialect	value	dialects/index.ts
isMutationIntent	value	intent/type-guards.ts
isPredicateRef	value	dx/expressions.ts
isRankingWindowFunction	value	intent/type-guards.ts
isRawExpression	value	intent/type-guards.ts
isRecursiveIncludeOptions	value	dx/intent-builder.ts
isRecursiveIntent	value	intent/type-guards.ts
isRecursiveRelation	value	model-ir.ts
isRelationColumnExpression	value	intent/type-guards.ts
isRelationObjectDef	value	dx/lightweight-model.ts
isRelationRef	value	dx/table-ref.ts
isRelationTupleDef	value	dx/lightweight-model.ts
isSelectAggregate	value	intent/type-guards.ts
isSelectAll	value	intent/type-guards.ts
isSelectFields	value	intent/type-guards.ts
isSelectWithExpressions	value	intent/type-guards.ts
isSelfReferential	value	model-ir.ts
isSubqueryExpression	value	dx/subquery-builder.ts
isTableRef	value	dx/table-ref.ts
isWhereAnd	value	intent/type-guards.ts
isWhereAny	value	intent/type-guards.ts
isWhereComparison	value	intent/type-guards.ts
isWhereExists	value	intent/type-guards.ts
isWhereIn	value	intent/type-guards.ts
isWhereLike	value	intent/type-guards.ts
isWhereLogical	value	intent/type-guards.ts
isWhereNot	value	intent/type-guards.ts
isWhereNotExists	value	intent/type-guards.ts
isWhereNull	value	intent/type-guards.ts
isWhereOr	value	intent/type-guards.ts
isWhereRange	value	intent/type-guards.ts
isWhereRelationBased	value	intent/type-guards.ts
isWhereRelationFilter	value	intent/type-guards.ts
isWhereSubquery	value	intent/type-guards.ts
isWindowIntent	value	intent/type-guards.ts
markGeneratorRemovalNonReplayable	value	transition/run-metadata.ts
negotiateFeatures	value	dx/negotiate-features.ts
parseRelationDef	value	dx/lightweight-model.ts
parseRelationKey	value	dx/lightweight-model.ts
pipeAfterMutationHooks	value	dx/hook-utils.ts
pipeAfterQueryHooks	value	dx/hook-utils.ts
pipeBeforeMutationHooks	value	dx/hook-utils.ts
pipeBeforeQueryHooks	value	dx/hook-utils.ts
pipeOnErrorHooks	value	dx/hook-utils.ts
preflightStagedComposition	value	transition/staging.ts
projectCompareToSingleCandidate	value	transition/staging.ts
registerDialect	value	dialects/index.ts
resourceIsWithin	value	transition/resource-scope.ts
schemaToModelIR	value	dx/schema.ts
sortByPriority	value	dx/hook-utils.ts
supportsIntrospection	value	adapter.ts
supportsRawSql	value	adapter.ts
validateExecutionContract	value	transition/execution-contract.ts
validateRecursiveInclude	value	dx/intent-builder.ts
validateRecursiveShape	value	planner.ts
withPriority	value	dx/hook-utils.ts
