AdoptionOutcomeClaimPlan	type	transition/outcome-protocol.ts
AggregateCountIntent	type	intent/select-intent.ts
AggregateFieldIntent	type	intent/select-intent.ts
AggregateWindowFunction	type	intent/expression-intent.ts
AliasIncludedColumnsMode	type	adapter.ts
ArithmeticExpressionIntent	type	intent/expression-intent.ts
ArrayOperator	type	intent/operators.ts
AuthorAttester	type	model-ir.ts
BigintJsReadConversionContext	type	bigint-js-read.ts
BoundBinding	type	transition/guard.ts
CapabilityAvailabilityPredicate	type	transition/contracts.ts
CatalogueIdentityDestructiveOutcome	type	transition/destructive-authority.ts
ClaimConclusion	type	transition/proof.ts
ClaimDerivation	type	transition/proof.ts
CommonColumnType	type	dialects.ts
ComparisonExpressionIntent	type	intent/expression-intent.ts
CompileOptionsBase	type	adapter.ts
ContextMutation	type	transition/operation.ts
CustomTraversal	type	intent/recursive-intent.ts
DeclarationDestructiveOutcome	type	transition/destructive-authority.ts
DialectName	type	dialects.ts
DuckDBColumnType	type	dialects.ts
EmptyClaimStatementBundle	type	transition/outcome-protocol.ts
EvidenceClaimConclusion	type	transition/evidence-access.ts
EvidenceClaimResult	type	transition/evidence-access.ts
ExecutionRequirementMode	type	transition/execution-contract.ts
ExternalEffectCoverage	type	transition/operation.ts
FilterStrategy	type	model-ir.ts
FunctionExpressionIntent	type	intent/expression-intent.ts
GuardPredicate	type	transition/guard.ts
GuardProtocol	type	transition/guard.ts
GuardProtocolKind	type	transition/guard.ts
IsTypeSupported	type	dialects.ts
JoinDefault	type	model-ir.ts
JsonAggOrderKey	type	json-agg-order-key.ts
JsonContainsIntent	type	intent/expression-intent.ts
JsonExistsIntent	type	intent/expression-intent.ts
LedgerLineageDestructiveOutcome	type	transition/destructive-authority.ts
LedgerShapeMarker	type	transition/ledger.ts
LockRequirement	type	transition/operation.ts
LogicalNameAddress	type	physical-name-inventory.ts
LogicalOperator	type	intent/operators.ts
MSSQLColumnType	type	dialects.ts
ManagedStepClosureMember	type	transition/plan.ts
ManagedStepReplayPolicy	type	transition/plan.ts
MySQLColumnType	type	dialects.ts
NQL_SELECT_FUNCTION_ALLOWLIST	value	intent/select-function-allowlist.ts
NQL_SELECT_WINDOW_ONLY_FUNCTIONS	value	intent/select-function-allowlist.ts
NqlBindingRelationType	type	model-ir.ts
NqlBindingVirtualRelationHop	type	adapter.ts
NqlBindingVirtualRelationRecursive	type	adapter.ts
NullOperator	type	intent/operators.ts
ObservationResult	type	transition/observation.ts
ObservedOutcomeRecord	type	transition/plan.ts
OffsetWindowFunction	type	intent/expression-intent.ts
OperationEffects	type	transition/operation.ts
OperationExecutionSemantics	type	transition/operation.ts
OperationRecoverySemantics	type	transition/operation.ts
OperatorAcceptanceDestructiveOutcome	type	transition/destructive-authority.ts
OrderByFieldIntent	type	intent/include-intent.ts
OutcomeCatalogueUnavailable	type	transition/outcome-protocol.ts
OutcomeReasonCode	type	transition/assessment.ts
OutcomeRecoveryCatalogueReader	type	transition/outcome-protocol.ts
OutcomeRecoveryResolution	type	transition/outcome-protocol.ts
OutputReadHandling	type	output-provenance.ts
OwnershipDestructiveOutcome	type	transition/destructive-authority.ts
PermittedDestructiveDecision	type	transition/destructive-authority.ts
PhysicalNameInventoryDuplicateError	value	physical-name-inventory.ts
PhysicalNameInventoryMissingError	value	physical-name-inventory.ts
PlanWarningCode	type	planner.ts
PortableExpression	type	transition/expression.ts
PostgreSqlAuthorityRequirement	type	transition/execution-contract.ts
PostgreSqlEngineRequirement	type	transition/execution-contract.ts
PostgreSqlNamespaceIdentity	type	transition/execution-contract.ts
PostgreSqlPhysicalTargetRequirement	type	transition/execution-contract.ts
PostgreSqlSessionSettingRequirement	type	transition/execution-contract.ts
PostgresColumnType	type	dialects.ts
PostgresOnlyColumnType	type	dialects.ts
ProofEvidenceAccess	type	transition/evidence-access.ts
ProvenGuardProtocol	type	transition/plan.ts
PseudoColumnExpressionIntent	type	intent/expression-intent.ts
RangeOperator	type	intent/where-intent.ts
RankingWindowFunction	type	intent/expression-intent.ts
RecursiveAdvancedOptions	type	intent/recursive-intent.ts
RefusedDestructiveDecision	type	transition/destructive-authority.ts
ReinitializePreflightFailureReason	type	transition/ledger.ts
ReinitializePreflightScopeOutcome	type	transition/ledger.ts
RelationKeyBuilderOptions	type	relation-key-fields.ts
RelationKeyDirection	type	relation-key-fields.ts
RelationKeyFields	type	relation-key-fields.ts
RelationKeyForeignKey	type	relation-key-fields.ts
RelationOperator	type	intent/operators.ts
RuleSelectionRationale	type	transition/fragment.ts
SQLiteColumnType	type	dialects.ts
StepOutcome	type	transition/plan.ts
StringOperator	type	intent/operators.ts
SupportedColumnTypes	type	dialects.ts
TransitionJournalEventRecord	type	transition/plan.ts
TransitionQueryResult	type	transition/contracts.ts
UnknownCoverage	type	transition/fingerprint.ts
UnresolvableExpression	type	transition/expression.ts
WindowOrderBy	type	intent/expression-intent.ts
isAdjacencyTraversal	value	intent/type-guards.ts
isCoalesceExpression	value	intent/type-guards.ts
isColumnAliasExpression	value	intent/type-guards.ts
isCustomTraversal	value	intent/type-guards.ts
isEdgeTableTraversal	value	intent/type-guards.ts
isNqlSelectFunctionAllowed	value	intent/select-function-allowlist.ts
isNqlSelectScalarFunctionAllowed	value	intent/select-function-allowlist.ts
isRecursiveIntent	value	intent/type-guards.ts
isRelationColumnExpression	value	intent/type-guards.ts
isSelectWithExpressions	value	intent/type-guards.ts
isWhereAny	value	intent/type-guards.ts
isWhereRange	value	intent/type-guards.ts
isWhereSubquery	value	intent/type-guards.ts
