AdmittedPermit	type	transition/outcome-protocol.ts
AssumptionAcceptance	type	transition/policy.ts
AuthorAttestedNativeDefault	type	model-ir.ts
CascadeCoveredOutcomeClaimPlan	type	transition/outcome-protocol.ts
CollationRef	type	transition/equivalence.ts
CompileOnlyAdapter	type	adapter.ts
CompileResultWithIncludes	type	adapter.ts
CompiledColumnMetadata	type	adapter.ts
ConnectionAvailability	type	adapter.ts
ContainmentClosureDestructiveOutcome	type	transition/destructive-authority.ts
EquivalenceResult	type	transition/equivalence.ts
ExecutableAssertion	type	transition/plan.ts
ExpressionEquivalenceCategory	type	transition/equivalence.ts
HierarchyIR	type	model-ir.ts
IntrospectionOptions	type	adapter.ts
JsonAggOrderByEntry	type	planner.ts
LedgerIdentity	type	transition/ledger.ts
LedgerMarkerState	type	transition/ledger.ts
LedgerRefusal	type	transition/ledger.ts
LedgerReservationRow	type	transition/ledger.ts
ManagedStepClassification	type	transition/plan.ts
NQL_SELECT_SCALAR_FUNCTION_ALLOWLIST	value	intent/select-function-allowlist.ts
NQL_SELECT_WINDOW_FUNCTIONS	value	intent/select-function-allowlist.ts
NQL_SELECT_WINDOW_FUNCTION_ALLOWLIST	value	intent/select-function-allowlist.ts
ObservationBooleanClaim	type	transition/observation.ts
ObservationStability	type	transition/observation.ts
OrderByExpressionIntent	type	intent/include-intent.ts
OutcomeIndeterminateRecoveryEvidence	type	transition/outcome-protocol.ts
OutcomeRecoveryEffect	type	transition/outcome-protocol.ts
OutcomeVacancy	type	transition/outcome-protocol.ts
OutputSource	type	output-provenance.ts
PartitionIR	type	model-ir.ts
PhysicalNameEntry	type	physical-name-inventory.ts
PhysicalNameInventory	type	physical-name-inventory.ts
PostgreSqlObservationTargetIdentity	type	transition/observation.ts
REFUSAL_VOCABULARY	value	transition/refusal.ts
RecognitionContext	type	transition/contracts.ts
RefusalCode	type	transition/refusal.ts
ReinitializePreflightAdoptionCandidate	type	transition/ledger.ts
ReinitializePreflightFailureStep	type	transition/ledger.ts
ReinitializePreflightRefusalCode	type	transition/ledger.ts
ReinitializePreflightReport	type	transition/ledger.ts
ReinitializePreflightScopeReport	type	transition/ledger.ts
RequiredEnumLabelIR	type	model-ir.ts
ScopedApprovalSet	type	transition/policy.ts
SubqueryExpressionIntent	type	intent/expression-intent.ts
TargetBinding	type	transition/guard.ts
TransitionJournalEventName	type	transition/plan.ts
TransitionRunAuthorization	type	transition/plan.ts
TypeRef	type	transition/equivalence.ts
UnsafeNativeFragment	type	transition/expression.ts
VendorValidatedExpression	type	transition/expression.ts
buildRelationKeyFields	value	relation-key-fields.ts
createPhysicalNameInventory	value	physical-name-inventory.ts
isFieldRef	value	intent/where-intent.ts
isSubqueryRef	value	intent/type-guards.ts
ledgerAddressKey	value	transition/ledger.ts
ledgerAddressParentJson	value	transition/ledger.ts
